,Date,Year,Name,Amount,URL,Acquirer,Notes
0,January,2018,Weld North Education,Unknown,https://www.edsurge.com/news/2018-01-04-silver-lake-acquires-majority-stake-in-weld-north-s-digital-curriculum-business,Silver Lake,"KKR sold a majority stake of Weld North Education, part of Weld North"
1,January,2018,Vatterott Educational Centers,Unknown,https://www.insidehighered.com/quicktakes/2018/01/05/education-corporation-buys-vatterott,Education Corporation of America,for-profit college
2,January,2018,Sokikom,Unknown,https://www.linkedin.com/in/snehal-patel-7159776/detail/recent-activity/,Jumpstart World,a subsidiary of NetDragon
3,January,2018,LookUp,Unknown,https://www.edsurge.com/news/2018-01-09-collaborative-writing-tool-boomwriter-raises-4-1-million-acquires-mobile-language-app,Boomwriter Media,
4,January,2018,Council for Adult and Experiential Learning,Unknown,https://www.insidehighered.com/quicktakes/2018/01/09/strada-acquires-adult-learning-group,Strada Education Network,"Strade Education Network, formerly USA Funds"
5,January,2018,Heritage Education Funds,Unknown,https://marketbrief.edweek.org/marketplace-k-12/k-12-dealmaking-wonderschool-frank-esafe-raise-funds/,Knowledge First Financial,Canadian education saving plans management companies
6,January,2018,Infobase Holdings,Unknown,https://marketbrief.edweek.org/marketplace-k-12/k-12-dealmaking-chinese-tutoring-platforms-area9-lyceum-ellevation-boomwriter-raise-funds/,Centre Lane Partners,digital content provider
7,January,2018,Bask,Unknown,https://techcrunch.com/2018/01/25/brainly-bask/,Brainly,
8,January,2018,Out of the Blue Enterprises,Unknown,https://marketbrief.edweek.org/marketplace-k-12/k-12-dealmaking-parentpowered-raises-2-65-million-microsoft-partners-powerschool/,9 Story Media Group,content provider
9,January,2018,Intellitots,Unknown,https://marketbrief.edweek.org/marketplace-k-12/k-12-dealmaking-parentpowered-raises-2-65-million-microsoft-partners-powerschool/,Founding Years,preschools in India
10,January,2018,Kendall College,Unknown,https://www.insidehighered.com/news/2018/01/31/laureate-sells-several-global-assets,National Louis University,"Sold by Laureate Education, which sold off a number of assets, according to IHE"
11,January,2018,Edbacker,Unknown,https://www.edsurge.com/news/2018-01-30-livingtree-acquires-school-fundraising-platform-edbacker,LivingTree,fundraising for schools
12,January,2018,ECS Learning Systems,Financed with $4 million loan,https://www.edsurge.com/news/2018-01-30-texas-test-prep-publisher-acquired-by-asteria-education,Asteria Education,testing
13,January,2018,Advantages School International,Unknown,https://marketbrief.edweek.org/marketplace-k-12/k-12-dealmaking-learnplatform-teachergaming-raise-funds-assist-brainly-make-acquisitions/,ASSIST,
14,February,2018,Zulama,Unknown,https://www.edsurge.com/news/2018-02-07-emc-school-acquires-game-based-learning-startup-zulama,EMC School,curriculum design
15,February,2018,Performance Matters,Unknown,https://marketbrief.edweek.org/marketplace-k-12/k-12-dealmaking-act-invests-in-smart-sparrow-livingtree-peopleadmin-make-acquisitions/,PeopleAdmin,talent management
16,February,2018,New Media Consortium,"$55,000",https://www.insidehighered.com/news/2018/02/06/educause-plans-buy-assets-bankrupt-new-media-consortium,Educause,
17,February,2018,Vericite,Unknown,https://community.canvaslms.com/thread/22074-vericite-is-now-a-part-of-turnitin,TurnItIn,
18,February,2018,Chalkup,Unknown,https://www.chalkup.co/microsoft,Microsoft,
19,February,2018,Lightsail Education,Unknown,https://www.edsurge.com/news/2018-02-26-after-layoffs-and-acquisition-lightsail-education-charts-a-new-uncertain-course,Agile Investment,
20,February,2018,Discovery Education,$120 million for majority stake,https://www.edsurge.com/news/2018-02-27-discovery-education-to-find-a-new-owner-in-sf-private-equity-firm,Francisco Partners,sold by Discovery Communications
21,March,2018,Wuhan Haoxiaozi Robot Technology,Unknown,https://marketbrief.edweek.org/marketplace-k-12/k-12-dealmaking-tarena-acquires-chinese-robotics-education-company-classwallet-raises-funds/,Tarena International,
22,March,2018,Kids' Adventures,Unknown,https://marketbrief.edweek.org/marketplace-k-12/k-12-dealmaking-springboard-asteria-education-make-acquisitions/,Springboard Education,
23,March,2018,Cobb Pediatric Therapy Services,Unknown,https://marketbrief.edweek.org/marketplace-k-12/k-12-dealmaking-springboard-asteria-education-make-acquisitions/,The Stepping Stones Group,
24,March,2018,MyON,Unknown,https://marketbrief.edweek.org/marketplace-k-12/renaissance-acquires-myon-create-merged-lineup-reading-assessment-products/,Renaissance Learning,
25,April,2018,Steve Spangler Science,Unknown,https://marketbrief.edweek.org/marketplace-k-12/k-12-dealmaking-new-mountain-learning-raises-funds-really-good-stuff-acquires-steve-spangler-science/,Really Good Stuff,
26,April,2018,Cognition Education Group,Unknown,https://marketbrief.edweek.org/marketplace-k-12/k-12-dealmaking-new-mountain-learning-raises-funds-really-good-stuff-acquires-steve-spangler-science/,Corwin Publishing,
27,April,2018,Edmodo,$137.5 million (only $15 million of this cash),https://blog.edmodo.com/2018/04/08/edmodo-is-joining-the-netdragon-family/,NetDragon,
28,April,2018,Bloc,Unknown,https://www.edsurge.com/news/2018-04-10-online-coding-bootcamp-thinkful-acquires-leading-competitor-bloc,Thinkful,
29,April,2018,Acclaim,Unknown,https://www.edsurge.com/news/2018-04-12-new-york-startup-credly-acquires-pearson-s-badging-business,Credly,acquired from Pearson
30,April,2018,Chalk & Wire,Unknown,https://www.edsurge.com/news/2018-04-06-higher-ed-data-provider-campus-labs-acquires-chalk-wire,Campus Labs,
31,April,2018,Embibe,$180 million (strategic investment),https://www.crunchbase.com/organization/embibe,Reliance,
32,April,2018,General Assembly,$412 million,https://www.edsurge.com/news/2018-04-15-general-assembly-to-be-acquired-by-swiss-hr-firm-for-412-5-million,Adecco Group,
33,April,2018,Progress Testing,Unknown,https://marketbrief.edweek.org/marketplace-k-12/k-12-dealmaking-edmentum-connexeo-booknook-raise-funds-key-data-systems-acquires-progress-testing/,Key Data Systems,
34,April,2018,adult education materials of HMH,Unknown,https://marketbrief.edweek.org/marketplace-k-12/k-12-dealmaking-edmentum-connexeo-booknook-raise-funds-key-data-systems-acquires-progress-testing/,Paxen Publishing,
35,April,2018,Economic Modelling LLC,Unknown,https://www.insidehighered.com/quicktakes/2018/04/25/strada-buys-labor-market-data-firm,Strada Education Network,
36,April,2018,BVirtual,Unknown,https://marketbrief.edweek.org/marketplace-k-12/k-12-dealmaking-ebix-buys-stake-smartclass-newschools-unveils-latest-cohort/,Examity,
37,April,2018,Conceptua Math,Unknown,https://marketbrief.edweek.org/marketplace-k-12/k-12-dealmaking-activate-learning-acquires-conceptua-math-knowbox-enuma-allovue-raise-funds/,Activate Learning,
38,May,2018,Penn Foster,Unknown,https://www.edsurge.com/news/2018-05-02-bain-capital-to-buy-penn-foster-a-workforce-skills-provider-that-dates-back-to-late-1800s,Bain Capital,
39,May,2018,Base Capital,Unknown,https://www.edsurge.com/news/2018-05-08-income-share-agreement-company-lumni-acquires-two-companies-that-also-provide-income-share-agreements,Lumni,
40,May,2018,Paytronage,Unknown,https://www.edsurge.com/news/2018-05-08-income-share-agreement-company-lumni-acquires-two-companies-that-also-provide-income-share-agreements,Lumni,
41,May,2018,Renaissance Learning,Unknown,https://www.edsurge.com/news/2018-05-04-private-equity-firm-buys-renaissance-learning-and-buys-back-myon,Francisco Partners,
42,May,2018,MyON,Unknown,https://www.edsurge.com/news/2018-05-04-private-equity-firm-buys-renaissance-learning-and-buys-back-myon,Francisco Partners,
43,May,2018,MissionU,Unknown,https://www.edsurge.com/news/2018-05-17-the-brief-life-of-a-college-alternative-missionu-will-cease-operations-after-sale-to-wework,WeWork,
44,May,2018,WriteLab,$15 million,https://www.edsurge.com/news/2018-05-16-chegg-cuts-15-million-check-to-buy-ai-feedback-tool-writelab,Chegg,
45,May,2018,Pythonroom,Unknown,https://www.edsurge.com/news/2018-05-15-tynker-acquires-pythonroom-to-expand-coding-offerings-to-older-learners,Tynker,
46,May,2018,Cohuborate,Unknown,https://www.edsurge.com/news/2018-05-14-interactive-classroom-hardware-provider-boxlight-acquires-cohuburate-to-expands-to-uk,Boxlight,
47,May,2018,Prologic Technology Systems,Unknown,https://www.edsurge.com/news/2018-05-23-frontline-education-s-12th-acquisition-prologic-a-k-12-payroll-and-benefits-platform,Frontline Education,
48,May,2018,Rapt Media,Unknown,https://techcrunch.com/2018/05/25/kaltura-acquires-rapt-media/,Kaltura,
49,June,2018,GitHub,$7.5 billion,https://www.nytimes.com/2018/06/04/technology/microsoft-github-cloud-computing.html,Microsoft,
50,June,2018,Evan-Moor Corporation,Unknown,https://www.edsurge.com/news/2018-06-05-lincoln-learning-solutions-acquires-evan-moor-provider-of-supplemental-k-12-materials,Lincoln Learning Solutions,
51,June,2018,ClearScholar,Unknown,https://www.edsurge.com/news/2018-06-12-civitas-learning-acquires-higher-ed-student-engagement-app-clearscholar,Civitas Learning,
52,June,2018,JMH Consulting,Unknown,https://www.edsurge.com/news/2018-06-12-educationdynamics-acquires-jmh-consulting-to-boost-higher-ed-student-recruiting-services,Education Dynamics,
53,June,2018,Star Academy,Unknown,https://marketbrief.edweek.org/marketplace-k-12/k-12-dealmaking-lincoln-learning-acquires-evan-moor-ets-learnlaunch-fund-startups/,NOLA Education,acquired from Pitsco Education
54,June,2018,Flipgrid,Unknown,https://www.edsurge.com/news/2018-06-18-microsoft-buys-video-discussion-platform-flipgrid,Microsoft,
55,June,2018,CritiqueIt,Unknown,https://www.edsurge.com/news/2018-06-21-flush-from-recent-stock-offering-2u-acquires-annotation-tool-critiquelt,2U,
56,June,2018,Pathgather,Unknown,https://www.edsurge.com/news/2018-06-20-degreed-acquires-online-learning-platform-pathgather,Degreed,
57,June,2018,SANTILLANA USA,Unknown,https://marketbrief.edweek.org/marketplace-k-12/51744/,VIsta Higher Learning,
58,June,2018,CCME School,Unknown,https://marketbrief.edweek.org/marketplace-k-12/51744/,Pharos Capital,
59,June,2018,Qwizdom,"$2,500,000",https://www.edsurge.com/news/2018-06-25-boxlight-acquires-classroom-response-developer-qwizdom-for-2-5m,Boxlight,
60,June,2018,Specdrums,Unknown,https://www.businesswire.com/news/home/20180622005063/en/Sphero-Announces-Acquisition-Colorado-Based-Specdrums,Sphero,
61,June,2018,CatchOn,Unknown,https://www.edsurge.com/news/2018-06-25-school-broadband-provider-ena-buys-device-tracking-tool-catchon,Education Networks of America,
62,June,2018,HackEd,Unknown,https://www.infosecurity-magazine.com/news/secureset-academy-expands-training/,SecureSet Academy,
63,June,2018,Digital Measures,Unknown,https://www.insidehighered.com/quicktakes/2018/06/28/watermark-adds-digital-measures-network,Watermark,
64,July,2018,StudyBlue,"$20,800,000",https://www.edsurge.com/news/2018-07-03-chegg-nabs-online-flashcard-tool-studyblue-in-20-8-million-all-cash-acquisition,Chegg,
65,July,2018,UniversityNow,Unknown,https://www.edsurge.com/amp/news/2018-07-09-nonprofit-university-buys-for-profit-college-for-its-tech-platform,National University,acquisition involves technology
66,July,2018,Fishtree,Unknown,https://www.edsurge.com/news/2018-07-11-follett-acquires-adaptive-learning-platform-provider-fishtree,Follett,
67,July,2018,Northcentral University,Unknown,https://www.insidehighered.com/quicktakes/2018/07/17/nonprofit-national-university-system-purchase-profit-northcentral-u,National University,
68,July,2018,Hack Reactor,Unknown,https://www.edsurge.com/news/2018-07-19-with-32m-in-new-funding-galvanize-acquires-coding-bootcamp-hack-reactor,Galvanize,
69,July,2018,Socrative,Unknown,https://www.edsurge.com/news/2018-07-16-showbie-acquires-digital-assessment-tool-socrative-from-masteryconnect,Showbie,acquired from Mastery Connect
70,July,2018,The Learning Experience,Unknown,https://marketbrief.edweek.org/marketplace-k-12/k-12-dealmaking-follett-chegg-golden-gate-capital-make-acquisitions/,Golden Gate Capital,
71,July,2018,National Research Center for College and University Admissions,Unknown,https://www.edsurge.com/news/2018-07-24-act-acquires-data-driven-college-recruiting-service,ACTivate Learning,
72,July,2018,Reasoning Mind,Unknown,https://www.imaginelearning.com/blog/2018/07/imagine-learning-acquires-early-learner-digital-math-curriculum-company-reasoning-mind,Weld North Education,
73,August,2018,Cirrus Group,Unknown,https://marketbrief.edweek.org/marketplace-k-12/54360/,Procare Software,
74,August,2018,KnowRe,Unknown,https://www.edsurge.com/news/2018-08-10-korean-publisher-acquires-adaptive-math-program-knowre,Daekyo,
75,August,2018,Aries System,Unknown,https://www.elsevier.com/about/press-releases/corporate/elsevier-to-acquire-aries-systems-a-best-in-class-publication-workflow-solutions-provider,Elsevier,
76,August,2018,DIY.co,Unknown,https://techcrunch.com/2018/08/14/littlebits-acquires-kids-educational-community-diy-co/,LittleBits,
77,August,2018,Designation,Unknown,https://www.edsurge.com/news/2018-08-28-wework-owned-flatiron-school-acquires-design-education-program,Flatiron School,Flatiron School is owned by WeWork
78,August,2018,PaperRater.com,Unknown,https://marketbrief.edweek.org/marketplace-k-12/k-12-dealmaking-knewton-raises-25-million/,Barnes & Noble Education,
79,September,2018,Acrobatiq,Unknown,https://www.edsurge.com/news/2018-09-04-vitalsource-acquires-adaptive-learning-platform-acrobatiq,VitalSource,
80,September,2018,Mondo Publishing,Unknown,https://www.edsurge.com/news/2018-09-13-carnegie-learning-acquires-k-5-literacy-provider-mondo-publishing,Carnegie Learning,
81,September,2018,Montessorium,Unknown,https://www.edsurge.com/news/2018-09-17-higher-ground-education-acquires-south-dakota-based-montessori-startup,Higher Ground Education,
82,September,2018,OnCourse Learning,Unknown,https://www.edsurge.com/news/2018-09-18-bertelsmann-bolsters-u-s-education-presence-with-acquisition-of-oncourse-learning,Bertelsmann,
83,September,2018,MGHL Consulting's item generation technology,Unknown,https://www.edsurge.com/news/2018-09-26-act-is-acquiring-technology-that-automatically-generates-test-questions,ACT,
84,September,2018,EOS Education,"$300,000",https://www.edsurge.com/news/2018-09-24-boxlight-corporation-acquires-k-12-edtech-professional-development-provider,Boxlight Corporation,
85,October,2018,DeVry University,Unknown,https://www.republicreport.org/2018/mysterious-deal-take-devry-university-private/,Palm Ventures,
86,October,2018,Gradescope,Unknown,https://www.edsurge.com/news/2018-10-03-turnitin-acquires-ai-assisted-grading-startup-gradescope,TurnItIn,
87,October,2018,Actively Learn,Unknown,https://www.edsurge.com/news/2018-10-02-achieve3000-acquires-literacy-startup-actively-learn,Achieve3000,
88,October,2018,Learning House,"$200,000,000",https://www.insidehighered.com/digital-learning/article/2018/10/10/wiley-makes-play-lead-opm-space-and-signals-change-ahead,Wiley Educational Services,
89,October,2018,JobTrack,Unknown,https://www.edsurge.com/news/2018-10-10-trilogy-education-acquires-two-companies-to-broaden-its-jobs-reach,Trilogy Education,
90,October,2018,Firehose Project,Unknown,https://www.edsurge.com/news/2018-10-10-trilogy-education-acquires-two-companies-to-broaden-its-jobs-reach,Trilogy Education,
91,October,2018,NovoEd,Unknown,https://www.edsurge.com/news/2018-10-16-online-learning-platform-novoed-acquired-by-boston-private-equity-firm,Devonshire Investors,
92,October,2018,Cambrium Learning Group,$14.50 per share,https://www.pehub.com/2018/10/veritas-capital-to-buy-cambium-for-14-50-per-share/,Veritas Capital,
93,October,2018,Rate My Professors,Unknown,https://www.insidehighered.com/quicktakes/2018/10/26/cheddar-purchases-rate-my-professors,Cheddar,
94,October,2018,ABCyas,Unknown,https://www.edsurge.com/news/2018-10-30-ixl-learning-makes-its-first-acquisition-abcya-s-suite-of-learning-games,IXL Learning,
95,November,2018,Quad Learning,Unknown,https://www.edsurge.com/news/2018-11-14-struggling-college-pathway-provider-quad-learning-pivots-and-sells,Wellspring International Education,
96,November,2018,Capital Education Group,Unknown,https://marketbrief.edweek.org/marketplace-k-12/k-12-dealmaking-girls-who-code-canada-kinvolved-photomath-yuanfudao/,Catapult Learning,
97,November,2018,Interfolio,$110 million,https://www.edsurge.com/news/2018-11-27-faculty-information-system-developer-interfolio-acquired-for-110m,Insight Venture Partners,
98,November,2018,Grovo,"$24,000,000",https://marketbrief.edweek.org/marketplace-k-12/k-12-dealmaking-online-tutoring-startup-vedantu-raises-11-million-sandbox-co-makes-acquisition/,Cornerstone,
99,November,2018,Lingo Venture,Unknown,https://techcrunch.com/2018/11/30/language-learning-app-babbel-moves-into-language-travel/,Babbel,
100,November,2018,Constructive Media,Unknown,https://marketbrief.edweek.org/marketplace-k-12/k-12-dealmaking-online-tutoring-startup-vedantu-raises-11-million-sandbox-co-makes-acquisition/,Sandbox,
101,December,2018,Workbench,Unknown,https://www.edsurge.com/news/2018-11-30-google-makes-a-rare-education-technology-acquisition-workbench,Google,
102,December,2018,Codemonkey,Unknown,https://www.edsurge.com/news/2018-12-05-codemonkey-acquired-by-tal-education-group,TAL Education,
103,December,2018,Lifeshare USA,Unknown,https://www.edsurge.com/news/2018-12-04-catapult-learning-acquires-lifeshare-usa-provider-of-private-special-ed-services,Catapult Learning,
104,December,2018,NextTier Education,Unknown,https://www.edsurge.com/news/2018-12-14-follett-acquires-college-readiness-platform-nexttier,Follett,
105,December,2018,Campus Vacations,"$7,000,000",https://techcrunch.com/2018/12/10/verve-campus-vacations/,Verve,
106,December,2018,School Loop,Unknown,https://www.edsurge.com/news/2018-12-10-private-equity-fund-think3-scoops-up-school-loop,Think3,
107,December,2018,Knovation,Unknown,https://www.edsurge.com/news/2018-12-20-act-acquires-oer-curator-knovation,ACT,
108,December,2018,Orbis,$362.5 million,https://mfeldstein.com/grand-canyon-acquires-orbis-opm-market/,Grand Canyon Education,
109,January,2017,ClassMessenger,unknown,https://www.edsurge.com/news/2017-01-06-livingtree-acquires-parent-teacher-communication-tool-classmessenger,LivingTree,messaging; K-12; B to S
110,January,2017,Curriculum Associates,unknown,https://www.edsurge.com/news/2017-01-12-curriculum-associates-to-be-owned-by-iowa-state-university-for-now,Iowa State University,assessment; K-12; B to S
111,January,2017,Intellus Learning,unknown,https://www.insidehighered.com/quicktakes/2017/01/19/macmillan-learning-acquires-intellus-learning,Macmillan Learning,analytics; Post-sec; B to S
112,January,2017,Data 180,unknown,https://www.edsurge.com/news/2017-01-17-faculty-workflow-tech-company-interfolio-acquires-data180,Interfolio,employee reporting; Post-sec; B to S
113,January,2017,Homer,unknown,https://www.edsurge.com/news/2017-01-20-speakaboos-acquires-homer-to-inspire-kids-to-love-and-learn-to-read,Speakaboos,reading apps; K-12; B to C
114,January,2017,Meta,unknown,https://techcrunch.com/2017/01/23/chan-zuckerberg-initiative-meta/,Chan Zuckerberg Initiative,search engine; Post-sec; B to B
115,January,2017,Plum Analytics,unknown,https://scholarlykitchen.sspnet.org/2017/02/02/plum-goes-orange-elsevier-acquires-plum-analytics/,Elsevier,altmetrics; Post-sec; B to B
116,January,2017,Zenbanx,unknown,https://www.nytimes.com/2017/02/01/business/dealbook/sofi-to-acquire-zenbanx-allowing-it-to-be-more-like-a-bank.html,SoFi,banking; Post-sec; B to C
117,January,2017,Questar,"$127,500,000",https://www.edsurge.com/news/2017-02-01-global-nonprofit-ets-acquires-minnesota-based-testing-company,Education Testing Service,assessment; K-12; B to S
118,January,2017,RepVisits,unknown,https://www.edsurge.com/news/2017-01-31-hobsons-acquires-high-school-counselor-s-edtech-college-connection-tool,Hobsons,counseling; K-12; B to S
119,January,2017,Princeton Review,unknown,https://www.edsurge.com/news/2017-02-01-match-group-swipes-left-on-princeton-review-as-concerns-over-privacy-grow,ST Unitas,test prep; K-12; B to C
120,February,2017,refMe,unknown,https://www.crunchbase.com/acquisition/f9b1ab32591c3a8e8b223409d116fbf2,Chegg,bibliography software; K-12; B to C
121,February,2017,Cegment,unknown,https://www.edsurge.com/news/2017-02-16-student-finance-gets-a-facelift-with-campuslogic-s-acquisition-of-cegment,CampusLogic,financial aid; Post-sec; B to S
122,February,2017,Looksharp,unknown,https://techcrunch.com/2017/02/17/wayup-acquires-looksharp/,WayUp,job placement; Post-sec; B to C
123,February,2017,Verba,unknown,https://www.insidehighered.com/quicktakes/2017/02/16/vitalsource-acquire-verba,VitalSource,digital content delivery; Post-sec; B to S
124,February,2017,MyON,unknown,https://www.edsurge.com/news/2017-02-21-capstone-sells-digital-reading-platform-myon-to-private-equity-firm,Francisco Partners,digital reading; K-12; B to S
125,February,2017,gWhiz,unknown,https://www.edsurge.com/news/2017-02-20-hlt-expands-mobile-learning-portfolio-with-acquisition-of-gwhiz,Higher Learning Technologies,test prep; K-12; B to C
126,February,2017,Quintessential School Systems,unknown,https://marketbrief.edweek.org/marketplace-k-12/k-12-dealmaking-act-invest-proexam-capstone-sells-myon/,Harris School Solutions,administrative software; K-12; B to S
127,February,2017,MBS Textbook Exchange,"$174,200,000",http://www.reuters.com/article/brief-barnes-noble-education-acquires-mb-idUSASB0B2PJ,Barnes & Noble Education,textbooks; Post-sec; B to C
128,March,2017,CloudLabs,unknown,https://techcrunch.com/2017/03/01/udacity-buys-cloudlabs-in-its-first-ever-acquisition-to-enable-collaborative-programming/,Udacity,learn-to-code; Post-sec; B to C
129,March,2017,Ravenna Solutions,unknown,https://marketbrief.edweek.org/marketplace-k-12/k-12-dealmaking-education-brands-acquires-ravenna-makeblock-raises-30-million/,Education Brands,enrollment management; K-12; B to S
130,March,2017,Sangha,unknown,https://marketbrief.edweek.org/marketplace-k-12/k-12-dealmaking-edlio-acquires-parent-communication-app-excelligence-acquires-ccei/,Edlio,content management; K-12; B to S
131,March,2017,ChildCare Education Institute,unknown,https://marketbrief.edweek.org/marketplace-k-12/k-12-dealmaking-edlio-acquires-parent-communication-app-excelligence-acquires-ccei/,Excelligence Learning Corporation,professional development; Pre-K; B to S
132,April,2017,AcademicWorks,unknown,https://campustechnology.com/articles/2017/04/04/blackbaud-acquires-academicworks.aspx,Blackbaud,financial aid management; Post-sec; B to B
133,April,2017,Chromatik,unknown,https://www.edsurge.com/news/2017-04-10-takelessons-acquires-bruno-mars-backed-digital-sheet-music-company,TakeLessons,digital sheet music; Consumer; B to C
134,April,2017,Teachers-Teachers,unknown,https://www.edsurge.com/news/2017-04-19-frontline-education-acquires-k-12-educator-recruiting-and-hiring-platform,Frontline Education,employee recruitment; K-12; B to S
135,April,2017,Workplace Answers,unknown,https://www.edsurge.com/news/2017-04-25-everfi-expands-portfolio-with-acquisition-of-workplace-answers,EverFi,corporate training; Corporate; B to B
136,April,2017,Yik Yak,"$1,000,000",https://techcrunch.com/2017/04/28/yik-yak-shuts-down-after-square-paid-1-million-for-its-engineers/,Square,anonymous messaging; Consumer; B to C
137,May,2017,Apex Learning,unknown,http://www.prweb.com/releases/2017/05/prweb14296703.htm,Education Growth Partners,digital curriculum; K-12; B to S
138,May,2017,GetSmarter,"$103,000,000",http://www.prnewswire.com/news-releases/2u-inc-to-acquire-getsmarter-300449398.html,2U,online education; Post-sec; B to S
139,May,2017,Gojima,unknown,https://techcrunch.com/2017/04/26/telegraph-media-group-acquires-uk-exam-preparation-app-gojimo/,Telegraph Media Group,test prep; K-12; B to C
140,May,2017,My Learning Collaborative Solution,unknown,https://www.edsurge.com/news/2017-05-08-epiphany-learning-acquires-cbe-platform-my-learning-collaborative,Epiphany Learning,competency-based education platform; K-12; B to S
141,May,2017,Citelighter,unknown,https://www.edsurge.com/news/2017-05-06-sylvan-learning-acquires-citelighter-s-school-contracts-and-technology-but-not-its-team,Sylvan Learning,writing software; K-12; B to C
142,May,2017,TutorVista,unknown,http://economictimes.indiatimes.com/small-biz/startups/byjus-to-buy-part-of-online-education-company-tutorvista/articleshow/58677298.cms,Byju's,tutoring; K-12; B to C; acquired from Pearson
143,June,2017,Thrivist,unknown,https://marketbrief.edweek.org/marketplace-k-12/k-12-dealmaking-tutoring-company-yuanfudao-raises-120-million-tennessee-book-company-acquires-thrivist/,Ingram Content Group,analytics; K-12; B to S
144,June,2017,Rourke Educational Media,unknown,https://marketbrief.edweek.org/marketplace-k-12/k-12-dealmaking-carson-dellosa-acquires-rourke-educational-media-chan-zuckerberg-invests-5-million-teacher-housing-fund/,Carson-Dellosa,publishing; K-12; B to S
145,June,2017,Authentica Solution,unknown,http://www.brightbytes.net/resources-archive/pressrelease,BrightBytes,analytics; K-12; B to S
146,June,2017,Educlipper,unknown,https://www.participate.com/blog/participate-to-acquire-educlipper-1,Participate Learning,visual bookmarking; K-12; B to C
147,June,2017,Unbound Concepts,unknown,https://www.edsurge.com/news/2017-06-27-certica-acquires-unbound-concepts-to-make-digital-content-more-discoverable,Certica Solutions,data integration; K-12; B to S
148,June,2017,ItemLogic,unknown,https://www.edsurge.com/news/2017-06-27-certica-acquires-unbound-concepts-to-make-digital-content-more-discoverable,Certica Solutions,data integration; K-12; B to S
149,July,2017,Edusight,unknown,https://www.edsurge.com/news/2017-07-03-canadian-publisher-nelson-acquires-digital-portfolio-gradebook-from-edusight,Nelson,gradebook; K-12; B to S
150,July,2017,JumpStart,unknown,https://www.edsurge.com/news/2017-07-08-enter-the-netdragon-math-blaster-developer-jumpstart-acquired-by-chinese-gaming-giant,NetDragon,educational games; K-12; B to S
151,July,2017,Edurite,unknown,https://marketbrief.edweek.org/marketplace-k-12/k-12-dealmaking-netdragon-acquires-jumpstart-byjus-acquires-tutorvista/,BYJU's,tutoring; K-12; B to C; acquired from Pearson
152,July,2017,Pathsource,unknown,https://marketbrief.edweek.org/marketplace-k-12/k-12-dealmaking-silverback-learning-acquires-edifyassess-academixdirect-acquires-pathsource/,AcademixDirect,career placement; K-12; B to S
153,July,2017,EdifyAssess,unknown,https://marketbrief.edweek.org/marketplace-k-12/k-12-dealmaking-silverback-learning-acquires-edifyassess-academixdirect-acquires-pathsource/,Silverback Learning,assessment; K-12; B to S
154,July,2017,School Improvement Network,unknown,https://www.edsurge.com/news/2017-07-24-frontline-education-s-10th-acquisition-school-improvement-network,Frontline Education,professional development; K-12; B to S
155,July,2017,Gradstaff,unknown,https://www.pehub.com/2017/07/university-ventures-acquires-gradstaff-which-rebrands-as-avenica/,University Ventures,recruitment; post-sec; B to C
156,August,2017,bepress,unknown,https://scholarlykitchen.sspnet.org/2017/08/02/elsevier-acquires-bepress/,Elsevier,institutional repository; post-sec; B to S
157,August,2017,Frontline Education,unknown,https://www.edsurge.com/news/2017-08-04-thoma-bravo-s-acquisition-of-frontline-education-creates-edtech-s-newest-unicorn,Thomas Bravo,administrative software; K-12; B to S
158,August,2017,Impero Software,"$36,300,000",https://www.edsurge.com/news/2017-08-07-investment-corp-purchases-impero-software-for-36-3m,Investment Technology Partners,monitoring software; K-12; B to S
159,August,2017,Student Brands,unknown,https://www.edsurge.com/news/2017-08-07-barnes-noble-acquires-student-writing-company-for-58-5m,Barnes & Noble Education,homework help; K-12; B to C
160,August,2017,IT'S ABOUT TIME,unknown,https://www.edsurge.com/news/2017-08-16-activate-learning-acquires-stem-curriculum-company,Activate Learning,curriculum maker; K-12; B to S
161,August,2017,JR3 Websmart,unknown,https://marketbrief.edweek.org/marketplace-k-12/k-12-dealmaking-barnes-noble-education-harris-school-solutions-make-acquisitions/,Harris School Solutions,student information system; K-12; B to S
162,August,2017,Triumph Learning,unknown,https://www.edsurge.com/news/2017-08-22-school-specialty-to-acquire-triumph-learning-provider-of-k-12-curriculum-and-test-prep,School Speciality,test prep; K-12; B to S
163,August,2017,EAB,"$2,580,000,000",http://www.prnewswire.com/news-releases/the-advisory-board-company-announces-agreements-for-the-sale-of-its-health-care-and-education-businesses-300510668.html,Vista Equity Partners,student information system; post-sec; B to S
164,September,2017,Curriculum Associates,"$145,000,000",http://www.gettingsmart.com/2017/09/great-edtech-success-story-turns-into-biggest-philanthropic-story-of-the-year/,Berkshire Partners,assessment; K-12; B to S; acquired from Iowa State
165,September,2017,Globaloria,Unknown,https://www.edsurge.com/news/2017-09-13-carnegie-learning-bets-big-on-coding-with-acquisition-of-globaloria,Carnegie Learning,learn-to-code; K-12; B to S
166,September,2017,Digital Media Arts College,Unknown,https://www.insidehighered.com/quicktakes/2017/09/21/lynn-university-will-buy-digital-media-arts-college,Lynn University,for-profit higher ed; post-sec; B to C
167,September,2017,First Tutors,Unknown,https://techcrunch.com/2017/09/28/varsity-tutors-acquires-first-tutors-in-the-uk-to-start-expanding-internationally/,Varsity Tutors,tutoring; K-12; B to C
168,September,2017,LiveText,Unknown,https://www.edsurge.com/news/2017-09-25-college-assessment-platform-taskstream-tk20-acquires-another-competitor,Taskstream-Tk20,assessment; K-12; B to S
169,September,2017,eSchool Data,Unknown,https://marketbrief.edweek.org/marketplace-k-12/io-education-acquires-eschooldata-looks-growth/,IO Education,student information system; K-12; B to S
170,October,2017,Earnest,"$155,000,000",https://www.wsj.com/articles/navient-to-buy-fintech-firm-earnest-for-155-million-1507147800,Navient,student loan provider; post-sec; B to C
171,October,2017,"ApplyYourself, AppReview, Connect, Radius, and Retain CRM",Unknown,https://www.edsurge.com/news/2017-10-01-hobsons-sells-a-slew-of-higher-ed-application-management-crm-software,Campus Management Corp,student information management; post-sec; B to S; acquired from Hobsons
172,October,2017,West Corporation,"$5,200,000,000",https://www.edsurge.com/news/2017-10-10-parent-of-schoolmessenger-acquired-by-apollo-global-management,Apollo Global Management,communication services; K-12; B to S
173,October,2017,Edumate,Unknown,https://marketbrief.edweek.org/marketplace-k-12/k-12-dealmaking-volaris-acquires-edumate-moodle-raises-funds/,Volaris Group,learning management system; K-12; B to S
174,October,2017,Great Lakes Educational Loan Services,"$150,000,000",http://journalstar.com/business/local/nelnet-buys-competitor-in-servicing-student-loans/article_24b7d540-23c8-54d7-831d-cdd0d1e67282.html,Nelnet,student loan provider; post-sec; B to C
175,October,2017,Big University,Unknown,https://www.edsurge.com/news/2017-10-23-k-12-literacy-platform-big-universe-finds-a-new-bigger-home-fuel-education,K12 Inc,literacy platform; K-12; B to S
176,October,2017,Flatiron School,Unknown,https://www.axios.com/in-a-bet-against-college-wework-acquires-a-coding-bootcamp-2500013575.html,WeWork,coding bootcamp; post-sec; B to C
177,October,2017,Cogeon,"$15,000,000",https://marketbrief.edweek.org/marketplace-k-12/chegg-acquires-cogeon-owl-raises-185-million/,Chegg,adaptive math platform; K-12 and post-sec; B to S; also known as Math 42
178,October,2017,SchoolMint,Unknown,https://www.edsurge.com/news/2017-10-30-hero-k12-mints-its-first-acquisition-school-enrollment-startup-schoolmint,Hero K12,enrollment management; K-12; B to S
179,November,2017,Motion Math,Unknown,https://www.edsurge.com/news/2017-11-08-learning-games-startup-motion-math-moves-to-a-new-home-curriculum-associates,Curriculum Associates,games; K-12; B to C
180,November,2017,IS3D,Unknown,https://marketbrief.edweek.org/marketplace-k-12/k-12-dealmaking-panorama-education-raises-16-million-explorelearning-acquires-is3d/,ExploreLearning,STEM education; K-12; B to S
181,November,2017,Wall Street English,"$300,000,000",https://www.reuters.com/article/us-pearson-wse/pearson-brings-in-100-million-with-wall-street-english-sale-idUSKBN1DR0SS,Baring Private Equity Asia and CITIC Capital,language learning; Post-sec; B to C; sold by Pearson
182,November,2017,Studienkreis GmbH ,"$85,450,000",https://marketbrief.edweek.org/marketplace-k-12/k-12-dealmaking-fusion-education-hopskipdrive-raise-funds/,IK Investment Partners,tutoring; K-12; B to C
183,December,2017,Platform,Unknown,https://www.edsurge.com/news/2017-12-02-we-talkin-about-practice-instructure-acquires-video-based-learning-platform,Instructure,video-based assessment; Post-sec; B to S
184,December,2017,Intrepid Learning,Unknown,https://www.edsurge.com/news/2017-12-05-vitalsource-acquires-corporate-training-platform-intrepid-learning,VitalSource,corporate training; Corporate; B to B
185,December,2017,TechShop,Unknown,https://www.bizjournals.com/washington/news/2017/12/03/techshop-to-be-acquired-reopen-maker-space.html,Tech Shop 2.0,makerspace; All; B to C
186,December,2017,Adtalem Global Education,Unknown,https://www.insidehighered.com/quicktakes/2017/12/05/devry-under-new-ownership,Cogswell Education LLC,for-profit higher ed; post-sec; B to C; formerly known as DeVry University
187,December,2017,College for Financial Planning,Unknown,https://www.insidehighered.com/quicktakes/2017/12/15/kaplan-buys-profit-college-apollo,Kaplan Inc,for-profit higher ed; post-sec; B to C; acquired from Apollo Education Group
188,December,2017,eduCLIMBER,Unknown,https://www.edsurge.com/news/2017-12-14-illuminate-education-acquires-homegrown-data-visualization-tool-educlimber,Illuminate Education,visualization; K-12; B to S
189,December,2017,BrainMaps,Unknown,https://marketbrief.edweek.org/marketplace-k-12/k-12-dealmaking-scientific-learning-makes-acquisition-noodle-partners-code-org-raise-funds/,Scientific Learning Corp,language learning; K-12; B to C
190,December,2017,Viking Code School,Unknown,https://www.edsurge.com/news/2017-12-12-coding-bootcamp-thinkful-acquires-viking-code-school,Thinkful,coding bootcamp; post-sec; B to C
191,December,2017,Scholantis,Unknown,https://marketbrief.edweek.org/marketplace-k-12/k-12-dealmaking-edlio-acquires-scholantis-collegevine-really-good-stuff-form-partnerships/,Edlio,communication services; K-12; B to S
192,December,2017,Worldstrides,"$500,000,000",https://marketbrief.edweek.org/marketplace-k-12/k-12-dealmaking-edlio-acquires-scholantis-collegevine-really-good-stuff-form-partnerships/,Eurazeo and Primavera Capital Group,student travel; K-12 and Post-sec; B to C
193,December,2017,EasyCampus LMS,Unknown,https://marketbrief.edweek.org/marketplace-k-12/k-12-dealmaking-illuminate-education-thinkful-make-acquisitions-digital-house-raises-20m/,iContracts,LMS; K-12; B to S; acquired from Educadium
194,January,2016,DevBridge,Undisclosed,https://www.edsurge.com/news/2016-01-05-bloc-acquires-devbridge-to-prep-bootcamp-graduates-for-coding-jobs,Bloc,Job Placement; Post-sec; B to C
195,January,2016,BrightWave Group,Undisclosed,https://www.edsurge.com/news/2016-01-07-capita-acquires-brightwave-group-to-expand-digital-learning-services,Capita,Professional Development; Corporate; B to B
196,January,2016,Roberts and Company,Undisclosed,https://www.edsurge.com/news/2016-01-11-macmillan-learning-acquires-roberts-and-company-publishers-to-grow-stem-publishing,Macmillan Learning,Publishing; Post-sec; B to S
197,January,2016,PAR (Framework),Undisclosed,https://www.edsurge.com/news/2016-01-12-hobsons-acquires-par-framework-to-power-student-success-predictions,Hobsons,Analytics; Post-sec; B to S
198,January,2016,ExitCertified,Undisclosed,http://www.zacks.com/stock/news/203263/avnet-buys-exitcertified-expands-technology-education-unit,Avnet,Corporate training; Corporate; B to B
199,January,2016,TeacherGaming (MinecraftEDU),Undisclosed,http://www.nytimes.com/2016/01/20/technology/microsoft-acquires-minecraftedu-tailored-for-schools.html,Microsoft,Gaming; K-12; B to B
200,January,2016,LearnSprout,Undisclosed,https://www.insidehighered.com/quicktakes/2016/01/29/profit-college-execs-sentenced-financial-aid-visa-fraud-charges,Apple,API; K-12; B to S
201,January,2016,"Really Good Stuff, Inc",Undisclosed,https://www.edsurge.com/news/2016-01-28-retailer-excelligence-learning-acquires-marketer-really-good-stuff-inc,Excelligence Learning,Marketing; K-12; B to S
202,January,2016,Rustici Software,Undisclosed,https://tincanapi.com/big-news-rustici-software/,Learning Technologies Group plc,API; Post-sec; B to B
203,January,2016,New York Code and Design Academy,Undisclosed,http://www.businesswire.com/news/home/20160115005856/en/Strayer-Education-Acquires-York-Code-Design-Academy,Strayer Education,Coding bootcamp; Post-sec; B to C
204,January,2016,Teachscape,Undisclosed,http://www.frontlinek12.com/News/Frontline_Technologies_Acquires_Professional_Development_Solutions_Provider_Teachscape_Inc.html,Frontline Technologies,Professional Development; K-12; B to C
205,February,2016,Interactive Achievement,Undisclosed,https://www.edsurge.com/news/2016-02-03-powerschool-s-next-power-play-acquiring-interactive-achievement,PowerSchool,Assessment; K-12; B to S
206,February,2016,LeapFrog,"$72,000,000",https://www.edsurge.com/news/2016-02-06-vtech-to-acquire-once-popular-toymaker-leapfrog-for-72m,VTECH,Children's hardware; K-12; B to C
207,February,2016,Adapt Courseware,Undisclosed,https://www.edsurge.com/news/2016-02-11-fulcrum-labs-acquires-adapt-courseware-to-deliver-competency-based-tools-to-colleges-and-companies,Fulcrum Labs,Competency-based education; Post-sec; B to S
208,February,2016,AskOnline,Undisclosed,https://www.edsurge.com/news/2016-02-06-upswing-acquires-askonline-which-will-become-askup-by-upswing,Upswing,Video-based tutoring; Post-sec; B to S
209,February,2016,InOpen Technologies,Undisclosed,http://yourstory.com/2016/02/next-education-acquires-inopen-technologies/,Next Education,IT curriculum; K-12; B to S
210,February,2016,Words and Numbers,Undisclosed,http://technical.ly/baltimore/2016/02/09/words-numbers-wisewire-acquisition/,Wisewire,Marketplace; K-12; B to S
211,February,2016,TalentBuddy,Undisclosed,http://betakit.com/talentbuddy-acquired-by-san-francisco-based-udemy/,Udemy,Job Placement; Post-Sec; B to C
212,February,2016,Classbook,Undisclosed,https://www.edsurge.com/news/2016-02-23-longtime-textbook-publisher-follett-acquires-online-store-classbook,Follett,Online Bookstore; K-12; B to S
213,February,2016,Manch,Undisclosed,https://www.edsurge.com/news/2016-02-22-indian-online-test-prep-provider-toppr-acquires-competitor-manch,Toppr,Test Prep; K-12; B to C
214,March,2016,Mimio,Undisclosed,https://www.edsurge.com/news/2016-03-01-boxlight-corporation-acquires-educational-technology-developer-mimio,Boxlight Corporation,Hardware; K-12; B to S
215,March,2016,LoudCloud Systems,"$17,900,000",http://www.businesswire.com/news/home/20160308005868/en/Barnes-Noble-Education-Announces-Acquisition-LoudCloud-Systems,Barnes & Noble,Learning management system; Post-sec; B to S
216,March,2016,Ergopedia,Undisclosed,https://www.pasco.com/about/news/press-releases/pasco-acquires-ergopedia.cfm,Pasco Scientific,Science education; K-12; B to S
217,March,2016,Performance Matters,Undisclosed,https://marketbrief.edweek.org/marketplace-k-12/weld-north-buys-performance-matters-to-merge-with-truenorthlogic/,Weld North,Assessment/analytics; K-12; B to S
218,March,2016,Starter League,Undisclosed,https://www.edsurge.com/news/2016-03-16-coding-bootcamp-the-starter-league-acquired-by-fullstack-academy,Fullstack Academy,Learn to code; Post-sec; B to C
219,March,2016,Glion Institute of Higher Education and Les Roches International School of Hotel Management,"$384,000,000",https://www.insidehighered.com/quicktakes/2016/03/18/laureate-sells-two-european-colleges,Eurazeo,For-profit higher ed; Post-sec; B to C
220,March,2016,Gibbon,Undisclosed,http://techcrunch.com/2016/03/23/degreed-acquires-gibbon/,Degreed,Learning playlist; Post-sec; B to C
221,March,2016,Carvajal Education,"$19,500,000",https://marketbrief.edweek.org/marketplace-k-12/k-12-dealmaking-flipclass-raises-1-million-fullstack-acquires-starter-league/,PRISA,Language learning; Post-sec; B to C
222,March,2016,Papers,Undisclosed,https://www.edsurge.com/news/2016-03-21-readcube-acquires-papers-to-make-organizing-academic-research-simpler,Readcube,Research; Post-sec; B to S
223,March,2016,Xiamen NetinNet Software,"$32,600,000",http://www.streetinsider.com/Corporate+News/China+Distance+Education+%28DL%29+Enters+Agreement+to+Acquire+Xiamen+NetinNet+Software/11450564.html,China Distance Education Holdings Limited,Simulation; Post-sec; B to S
224,April,2016,WriterKEY,Undisclosed,https://www.insidehighered.com/quicktakes/2016/04/07/macmillan-learning-acquires-online-writing-tool,Macmillan Learning,"Writing feedback; K-12, Post-sec; B to S"
225,April,2016,The Centris Group,Undisclosed,https://www.edsurge.com/news/2016-04-07-frontline-technologies-acquires-special-education-technology-provider-centris-group,Frontline Technologies,Special education; K-12; B to S
226,April,2016,Wobo,Undisclosed,https://marketbrief.edweek.org/marketplace-k-12/k-12-dealmaking-goreact-raises-4-million-follett-acquires-wobo/,Follett,Bookstore; Post-sec; B to B
227,April,2016,Lexmark,"$3,600,000,000",http://www.nytimes.com/2016/04/21/business/dealbook/lexmark-apex-pag-asia.html,Apex Technology,"Software; K-12, Post-sec; B to S"
228,April,2016,Hackbright Academy,"$18,000,000",http://www.thestreet.com/story/13541937/1/hackbright-academy-joins-capella-education-company-to-further-goal-of-closing-the-gender-gap-in-software-engineering.html,Capella Education,Coding bootcamp; Post-sec; B to C
229,April,2016,Baker & Taylor,Undisclosed,https://www.edsurge.com/news/2016-04-18-big-book-sale-follett-acquires-major-media-distributor-baker-taylor,Follett,Book distributor; K-12; B to S
230,April,2016,SteamTrax,Undisclosed,https://marketbrief.edweek.org/marketplace-k-12/k-12-dealmaking-mathcrunch-rebrands-and-raises-4-million-caredox-raises-4-3-million/,Polar3D,Steam curriculum; K-12; B to S
231,April,2016,QuickLessons,Undisclosed,http://mna.im/segmentview.aspx?ViewModes=6&AcquisitionID=51704,Affero Labs,Corporate training; Corporate; B to B
232,April,2016,Toca Boca,Undisclosed,http://techcrunch.com/2016/04/25/top-kids-app-maker-toca-boca-sells-to-spin-master-plans-to-launch-subscription-video-service-and-toys/,Spin Master,Kids apps; K-12; B to C
233,May,2016,Dev Mountain,"$20,000,000",http://www.capellaeducation.com/investor-relations/investor-news/news-release-details/2016/Capella-Acquisition-of-DevMountain-Extends-Leadership-Position-in-Job-Ready-Skills-Market/default.aspx,Capella Education,Coding bootcamp; Post-sec; B to C
234,May,2016,OpenEd,Undisclosed,https://marketbrief.edweek.org/marketplace-k-12/act-adds-open-education-provider-portfolio/,ACT,Search engine; K-12; B to C
235,May,2016,Apollo Education Group,"$1,100,000,000",http://www.streetinsider.com/Press+Releases/Apollo+Education+Group+Shareholders+Approve+Merger+Agreement+to+be+Acquired+by+Consortium+of+Investors/11599679.html,Apollo Management Group,For-profit higher ed; Post-sec; B to C
236,May,2016,LTS Education Systems,"$20,000,000",https://marketbrief.edweek.org/marketplace-k-12/k-12-dealmaking-k12-inc-acquires-lts-education-systems-arizona-state-launches-ed-tech-partnership/,K-12 Inc,Transcripts; K-12; B to S
237,May,2016,TIENET,Undisclosed,https://www.edsurge.com/news/2016-05-10-powerschool-buys-new-tool-tienet-to-meet-special-education-needs,PowerSchool,Special education management; K-12; B to S
238,May,2016,SSRN,Undisclosed,https://www.insidehighered.com/quicktakes/2016/05/17/elsevier-acquires-social-science-repository-ssrn,Elsevier,Open access journal repository; Post-sec; B to S
239,May,2016,Participate Learning,Undisclosed,https://www.edsurge.com/news/2016-05-25-vif-learning-acquires-k-12-resource-search-engine-participate-learning,VIF International Education,Search engine; K-12; B to C
240,May,2016,Sequoia Retail Systems,Undisclosed,https://www.edsurge.com/news/2016-05-31-blackboard-acquires-point-of-sale-solutions-provider-sequoia-retail-systems,Blackboard,POS system; Post-sec; B to S
241,June,2016,TeacherMatch,Undisclosed,https://www.teachermatch.org/peopleadmin-teachermatch/,PeopleAdmin,Human resources; K-12; B to S
242,June,2016,Smart,Undisclosed,http://investor.smarttech.com/releasedetail.cfm?ReleaseID=973008,FoxConn,Interactive whiteboards; K-12; B to S
243,June,2016,Haiku Learning,Undisclosed,https://www.edsurge.com/news/2016-06-06-powerschool-acquires-learning-management-system-provider-haiku-learning,Powerschool,Learning management system; K-12; B to S
244,June,2016,GL Education,Undisclosed,https://marketbrief.edweek.org/marketplace-k-12/k-12-dealmaking-udemy-tynker-raise-funds-peopleadmin-acquires-teachermatch/,Levine Leichtman Capital Partners,Testing; K-12; B to S
245,June,2016,Open Study,Undisclosed,https://www.edsurge.com/news/2016-06-14-brainly-acquires-us-social-learning-platform-openstudy,Brainly,Homework help; Post-sec; B to C
246,June,2016,Digital Me,Undisclosed,http://discours.es/2016/the-big-acquisition-news-of-the-day,City & Guilds,Badging; Post-sec; B to C
247,June,2016,Makewaves,Undisclosed,http://discours.es/2016/the-big-acquisition-news-of-the-day,City & Guilds,Badging; Post-sec; B to C
248,June,2016,LinkedIn,"$26,000,000,000",http://www.nytimes.com/2016/06/14/business/dealbook/microsoft-to-buy-linkedin-for-26-2-billion.html,Microsoft,Data mining and career placement; Post-sec; B to B
249,June,2016,Alexander Street Press,Undisclosed,http://www.noshelfrequired.com/proquest-acquires-alexander-street-press-leading-provider-of-streaming-video-and-music-resources/,Proquest,Streaming video and music content; Post-sec; B to S
250,June,2016,Hivebench,Undisclosed,https://www.elsevier.com/connect/putting-data-management-in-the-hands-of-researchers-with-hivebench-acquisition,Elsevier,Data management; Post-sec; B to S
251,June,2016,Higher One,"$260,000,000",http://www.ecampusnews.com/technologies/blackboard-higher-one/,Providence Equity Partners,Financial services; Post-sec; B to S
252,June,2016,Promoversity,Undisclosed,http://www.businesswire.com/news/home/20160623006262/en/Barnes-Noble-Education-Announces-Acquisition-Promoversity,Barnes & Noble Education,Customizable merchandise; Post-sec; B to S
253,June,2016,Zaption,Undisclosed,https://www.edsurge.com/news/2016-06-30-zap-zaption-sold-to-workday,Workday,Human resources; Corporate; B to B
254,July,2016,Pili Pop Labs,Undisclosed,https://marketbrief.edweek.org/marketplace-k-12/k-12-dealmaking-nyu-started-launch-accelerator-unique-heritage-media-acquires-pili-pop-labs/,Unique Heritage Media,Mobile learning; K-12; B to C
255,July,2016,QuickEdmin,Undisclosed,https://marketbrief.edweek.org/marketplace-k-12/k-12-dealmaking-nyu-started-launch-accelerator-unique-heritage-media-acquires-pili-pop-labs/,Ray Business Technologies Pvt. Ltd.,Resource planning; K-12; B to B
256,July,2016,LeYa Educacao,Undisclosed,https://marketbrief.edweek.org/marketplace-k-12/k-12-dealmaking-nyu-started-launch-accelerator-unique-heritage-media-acquires-pili-pop-labs/,Escala Educacional,Publishing; K-12; B to C
257,July,2016,Gradible,Undisclosed,https://techcrunch.com/2016/07/19/student-loan-platform-commonbond-raises-300m-and-30m-in-equity-buys-gradible/,CommonBond,Student loan; Post-sec; B to C
258,July,2016,Train Simple,Undisclosed,http://www.abc6.com/story/32476578/pluralsight-acquires-train-simple-becomes-a-leading-provider-of-adobe-training-online,Pluralsight,Software training; Corporate; B to B
259,July,2016,Lawroom,Undisclosed,https://everfi.com/everfiacquireslawroom/,EverFi,Compliance education; Corporate; B to B
260,July,2016,Rainbow Early Education,Undisclosed,https://marketbrief.edweek.org/marketplace-k-12/k-12-dealmaking-schoold-receives-new-funding-quad-c-acquires-rainbow-early-education/,Quad C,Early education services; Pre-K; B to S
261,July,2016,Schoolie,Undisclosed,https://marketbrief.edweek.org/marketplace-k-12/k-12-dealmaking-greatschools-acquires-schoolie-n2y-thrivist-gain-funding/,Great Schools,Education data; K-12; B to C
262,August,2016,The Alpha School System,Undisclosed,https://marketbrief.edweek.org/marketplace-k-12/k-12-dealmaking-everfi-raises-40-million-wonder-workshop-gains-20-million/,Volaris Group,School information system; K-12; B to S
263,August,2016,Compass Learning,Undisclosed,https://marketbrief.edweek.org/marketplace-k-12/edgenuity-acquires-compass-learning-expand-online-blended-learning-reach/,Edgenuity,Curriculum; K-12; B to S
264,August,2016,Bitmaker,Undisclosed,http://blog.bitmaker.co/2016/08/10/bitmaker-general-assembly/,General Assembly,Coding bootcamp; Post-sec; B to C
265,August,2016,SRB Education Services,Undisclosed,https://marketbrief.edweek.org/marketplace-k-12/k-12-dealmaking-powerschool-acquires-srb-vipkid-matific-raise-funds/,PowerSchool,Administrative software; K-12; B to S
266,August,2016,Atypon,"$120,000,000",http://www.wiley.com/WileyCDA/PressRelease/pressReleaseId-127702.html?%3Fhootid=sm%3Ahoot%3Aifrs&hootPostID=0838c192754e12946f678a71e01802cf,John Wiley & Sons,Publishing; Post-sec; B to B
267,August,2016,Educuity,Undisclosed,https://marketbrief.edweek.org/marketplace-k-12/k-12-dealmaking-certica-acquires-educuity-kira-talent-raises-5-million/,Certica Solutions,Data architecture; K-12; B to S
268,August,2016,Carson-Dellosa Publishing LLC,Undisclosed,https://www.pehub.com/canada/2016/8/3346731/,Guardian Capital Partners,Publishing; K-12; B to S
269,August,2016,Duck Duck Moose,$1,https://www.khanacademy.org/about/blog/post/149459780736/khan-academy-adds-apps-for-young-children,Khan Academy,Children's apps; Pre-K; B to C
270,August,2016,RCL Benziger,Undisclosed,https://marketbrief.edweek.org/marketplace-k-12/k-12-dealmaking-galvanize-raises-45-million-degreed-raises-25-million/,Kendall Hunt Publishing,Publishing; K-12; B to S
271,September,2016,International School of Europe Group,Undisclosed,https://marketbrief.edweek.org/marketplace-k-12/k-12-dealmaking-khan-academy-acquires-duck-duck-moose-gradeslam-raises-1-6-million/,Inspired,Schools organization; K-12; B to C
272,September,2016,Excent Corporation,Undisclosed,https://www.edsurge.com/news/2016-09-06-frontline-education-acquires-excent-corporation-expands-special-ed-data-management,Frontline Education,Data management; K-12; B to S
273,September,2016,Ranku,Undisclosed,https://www.edsurge.com/news/2016-09-15-ranku-acquired-by-wiley-to-help-colleges-market-online-degrees,John Wiley & Sons,College search; Post-sec; B to S
274,September,2016,Eduventures,Undisclosed,https://www.insidehighered.com/quicktakes/2016/09/16/nrccua-acquires-research-firm-eduventures,National Research Center for College & University Admissions,Research firm; Post-sec; B to B
275,September,2016,FinalSite,Undisclosed,https://marketbrief.edweek.org/marketplace-k-12/k-12-dealmaking-byjus-raises-50-million-frontline-acquires-excent/,Bridge Growth Partners,Communications; K-12; B to S
276,September,2016,Learners Edge,Undisclosed,https://marketbrief.edweek.org/marketplace-k-12/k-12-dealmaking-l-squared-acquires-learners-edge-pikmykid-stoodnt-raise-funds/,L Squared Capital Partners,Professional development; K-12; B to S
277,September,2016,Ning,Undisclosed,http://creators.ning.com/announcements-from-ning/acquisition-update,Unknown,Social network; Post-sec; B to C
278,September,2016,WebAssign,Undisclosed,http://www.prnewswire.com/news-releases/cengage-acquires-webassign-strengthening-market-position-in-science-technology-and-math-300334782.html,Cengage,Assessment; K-12; B to S
279,September,2016,Commonwealth Medical College,Undisclosed,https://www.insidehighered.com/quicktakes/2016/09/29/geisinger-plans-medical-college-acquisition,Geisinger Health Systems,Medical school; Post-sec; B to C
280,October,2016,Redbird Advance Learning,Undisclosed,http://www.eschoolnews.com/2016/10/03/mcgraw-hill-education-acquires-redbird-advanced-learning/,McGraw-Hill Education,Digita curriculum; K-12; B to S
281,October,2016,Decision Science Labs,Undisclosed,https://www.edsurge.com/news/2016-10-05-schoolzilla-acquires-decision-science-labs-to-help-districts-make-smarter-spending-choices,Schoolzilla,Procurement data; K-12; B to S
282,October,2016,Startup Weekend Education,Undisclosed,https://www.edsurge.com/news/2016-10-12-techstars-takes-over-startup-weekend-education,Techstars,Hackathons; K-12; B to C
283,October,2016,Chalkable,Undisclosed,https://www.edsurge.com/news/2016-10-18-powerschool-buys-chalkable-tops-200-million-in-acquisition-spending,Powerschool,Student information system; K-12; B to S
284,October,2016,Think Through Learning,Undisclosed,https://www.edsurge.com/news/2016-10-21-imagine-learning-acquires-online-math-program-think-through-learning,Imagine Learning,Math software; K-12; B to S
285,October,2016,Red Marbles,Undisclosed,https://www.edsurge.com/news/2016-10-14-jouvre-acquires-six-red-marbles-expands-to-corporate-learning,Jouve,Corporation training; Corporate; B to B
286,October,2016,Fronteer,Undisclosed,https://campustechnology.com/articles/2016/10/26/blackboard-acquires-accessibility-platform.aspx,Blackboard,Accessibility; Post-sec; B to S
287,November,2016,MyChild,Undisclosed,https://www.edsurge.com/news/2016-11-03-brightwheel-acquires-mychild-targets-early-education-with-mobile-app,Brightwheel,Early child education; Pre-K; B to C
288,November,2016,Astute Technology,Undisclosed,https://campustechnology.com/articles/2016/11/16/echo360-acquires-assessment-and-credentialing-platform.aspx,Echo360,Testing; Post-sec; B to C
289,November,2016,e3Learning,Undisclosed,http://www.lawyersweekly.com.au/deals/19993-corporate-e-learning-trainer-sold,City & Guilds Group,Corporate training; Corporate; B to B
290,November,2016,Quiklabs,Undisclosed,https://blog.google/topics/google-cloud/welcome-qwiklabs-google-cloud/,Google,Corporate training; Corporate; B to B
291,November,2016,LivingTree,Undisclosed,https://www.edsurge.com/news/2016-11-30-eagle-eye-networks-ceo-dean-drako-acquires-k-12-social-network-livingtree,Dean Drako,Social network; K-12; B to C
292,December,2016,SunGuard K-12,Undisclosed,http://www.prweb.com/releases/2016/12/prweb13896325.htm,PowerSchool,Learning management system; K-12; B to S
293,December,2016,Curriculet,Undisclosed,https://www.edsurge.com/news/2016-12-06-nonprofit-edtech-research-center-waterford-institute-acquires-curriculet,Waterford Institute,Digital reading platform; K-12; B to S
294,December,2016,Xolvr,Undisclosed,https://marketbrief.edweek.org/marketplace-k-12/25426/,Next Education,Tutoring; K-12; B to C
295,December,2016,The Foundry,Undisclosed,http://www.fredericksburg.com/business/local_business/reclaim-hosting-acquires-the-foundry/article_f8926d7e-57da-5919-a020-ce53384923e7.html,Reclaim Hosting,Co-working space; Corporate; B to B
296,December,2016,School Website,Undisclosed,https://marketbrief.edweek.org/marketplace-k-12/k-12-dealmaking-finalsite-acquires-school-website-osmo-masteryconnect-gain-funds/,Final Site,Content management system; K-12; B to S
297,December,2016,eSPED.com,Undisclosed,https://marketbrief.edweek.org/marketplace-k-12/k-12-dealmaking-frontline-education-acquires-esped-com-india-ed-tech-company-gets-15m/,Frontline Education,Special education; K-12; B to S
298,January,2015,Excelligence,undisclosed,http://www.heraldonline.com/2015/01/06/6674675_brentwood-associates-acquires.html?sp=/100/773/385/,Brentwood Associates,
299,January,2015,SchoolYard,undisclosed,http://www.prweb.com/releases/2015/01/prweb12430437.htm,inRESONANCE,
300,January,2015,MakerSquare,undisclosed,https://www.edsurge.com/n/2015-01-21-hack-reactor-acquires-makersquare-for-increased-coding-school-offerings,Hack Reactor,
301,January,2015,Code School,"$36,000,000",https://www.edsurge.com/n/2015-01-26-pluralsight-acquires-code-school-for-36-million,Pluralsight,
302,January,2015,Cognitive Kid,undisclosed,https://www.edsurge.com/n/2015-01-28-fingerprint-acquires-cognitive-kid-and-scribble-press,Fingerprint,
303,January,2015,Scribble Press,undisclosed,https://www.edsurge.com/n/2015-01-28-fingerprint-acquires-cognitive-kid-and-scribble-press,Fingerprint,
304,February,2015,Launchpad Toys,undisclosed,https://www.edsurge.com/n/2015-02-05-google-acquires-launchpad-toys-to-jumpstart-kid-friendly-services,Google,
305,February,2015,SchoolWires,undisclosed,https://www.edsurge.com/n/2015-02-04-blackboard-s-next-acquisition-schoolwires,Blackboard,
306,February,2015,Urban Planet Mobile,undisclosed,http://money.cnn.com/news/newsfeeds/articles/marketwire/1172360.htm,Sibling Group,
307,February,2015,Always Prepped,undisclosed,https://www.edsurge.com/n/2015-02-11-alma-acquires-always-prepped-to-simplify-school-data-management,Alma,
308,February,2015,Newsflo,undisclosed,http://techcrunch.com/2015/01/12/elsevier-acquires-newsflo/,Elsevier,
309,February,2015,GradesFirst,undisclosed,https://www.edsurge.com/n/2015-02-12-the-advisory-board-company-acquires-gradesfirst-for-engaging-at-risk-students,The Advisory Board Company,
310,February,2015,UClass,undisclosed,https://www.edsurge.com/n/2015-02-19-renaissance-learning-acquires-uclass-a-dropbox-for-education,Renaissance Learning,
311,February,2015,Starfish Retention Systems,undisclosed,https://www.insidehighered.com/news/2015/02/23/student-success-company-hobsons-acquires-starfish-retention-solutions,Hobsons,
312,March,2015,Classmate,undisclosed,https://www.edsurge.com/n/2015-03-02-harris-school-solutions-acquires-curriculum-management-tool-classmate,Harris School Solutions,
313,March,2015,100Marks,undisclosed,https://www.edsurge.com/n/2015-03-12-embibe-acquires-100marks-for-test-prep-in-india,Embibe,
314,March,2015,Overdrive,"$410,000,000",http://the-digital-reader.com/2015/03/19/rakuten-buys-overdrive-for-410-million-more-than-it-paid-for-kobo/,Rakuten,
315,March,2015,Online Marketing Institute,undisclosed,https://www.edsurge.com/n/2015-03-15-popexpert-acquires-online-marketing-institute-to-accelerate-corporate-training,Popexpert,
316,March,2015,Clio Online,undisclosed,http://www.bonnier.com/news-press/News/2015/March/Clio-Online-to-Bonnier-Business-Press/,Bonnier Business Press,
317,April,2015,Lynda.com,"$1,500,000,000",http://techcrunch.com/2015/04/09/linkedin-to-buy-online-education-site-lynda-com-for-1-5-billion/,LinkedIn,
318,April,2015,Boundless,undisclosed,http://www.bizjournals.com/boston/blog/startups/2015/04/online-textbook-publishing-startup-boundless-gets.html,Valore,
319,April,2015,SIPX,undisclosed,http://www.infodocket.com/2015/04/08/digital-course-materials-proquest-acquires-sipx/,Proquest,
320,April,2015,Collegefeed,undisclosed,http://www.prnewswire.com/news-releases/aftercollege-acquires-collegefeed-to-become-largest-career-hub-for-college-students-and-new-grads-300062297.html,After College,
321,April,2015,Software Craftsmanship Guild,undisclosed,http://www.bizjournals.com/louisville/news/2015/04/06/learning-house-expands-in-technology-arena-with.html,The Learning House,
322,April,2015,Classroom 24-7,undisclosed,https://www.pehub.com/2015/04/rizk-ventures-buys-classroom24-7/,Rizk Ventures,
323,April,2015,Pleolabs,undisclosed,http://yourstory.com/2015/04/xseed-education-acquires-pleolabs-ed-tech/,XSEED Education,
324,April,2015,Helix Education's LMS,undisclosed,http://www.ellucian.com/News/Ellucian-Draws-More-Than-8-800-Attendees-at-Ellucian-Live-2015-in-New-Orleans/,Ellucian,
325,April,2015,Remote Learner UK,undisclosed,http://www.bizjournals.com/washington/blog/techflash/2015/04/blackboard-acquires-uk-based-education-company.html,Blackboard,
326,April,2015,Unijobs,undisclosed,http://www.prnewswire.co.uk/news-releases/tes-global-acquires-unijobs-499530201.html,TES Global,
327,April,2015,Learning Express,undisclosed,https://www.ebsco.com/news-center/press-releases/learningexpress-becomes-part-of-ebsco-information-services,EBSCO,
328,April,2015,bab.la,undisclosed,http://www.infodocket.com/2015/04/20/oxford-university-press-acquires-online-language-portal-bab-la/,Oxford University Press,
329,April,2015,MyLibrary,undisclosed,http://lj.libraryjournal.com/2015/04/technology/ebooks/proquest-acquires-myilibrary-and-oasis/,Proquest,
330,April,2015,OASIS,undisclosed,http://lj.libraryjournal.com/2015/04/technology/ebooks/proquest-acquires-myilibrary-and-oasis/,Proquest,
331,April,2015,Scholastic Corp (its ed-tech business),"$575,000,000",http://blogs.edweek.org/edweek/marketplacek12/2015/04/houghton_mifflin_harcourt_to_acquire_scholastics_ed-tech_business_for_575m.html,Houghton Mifflin Harcourt,
332,May,2015,Gaokaopai,undisclosed,https://www.techinasia.com/chinese-education-startup-gaokaopai-acquired-tal-education-group/,TAL Education Group,
333,May,2015,Pearson's Family Entertainment Network,undisclosed,http://blogs.edweek.org/edweek/marketplacek12/2015/05/british_investor_buys_family_education_network_pearsons_edu-tainment_platform.html,Sandbox Partners,
334,May,2015,Acatar,undisclosed,https://www.insidehighered.com/news/2015/05/18/learning-house-acquires-carnegie-mellon-u-spinoff-acatar,The Learning House,
335,June,2015,Epigeum,"$16,600,000",http://www.educationinvestor.co.uk/,Oxford University Press,
336,June,2015,Affero Lab,undisclosed,https://www.edsurge.com/n/2015-06-08-bertelsmann-ifc-invest-in-brazilian-corporate-training-company,Bertelsmann,
337,June,2015,Affero Lab,undisclosed,https://www.edsurge.com/n/2015-06-08-bertelsmann-ifc-invest-in-brazilian-corporate-training-company,World Bank IFC,
338,June,2015,Hibernia College UK,undisclosed,http://edukwest.eu/edbrief-tes-global-hibernia-college-uk/,TES Global,
339,June,2015,SharpSchool,"$19,000,000",http://www.marketwatch.com/story/west-corporation-acquires-sharpschool-2015-06-02,West Corporation,
340,June,2015,Chatmapper,undisclosed,https://www.edsurge.com/n/2015-06-08-learnbrite-acquires-virtual-reality-software-chat-mapper,Learnbrite,
341,June,2015,ProctorCam,undisclosed,https://www.edsurge.com/n/2015-06-08-pearson-vue-acquires-proctorcam,Pearson VUE,
342,June,2015,PowerSchool,"$350,000,000",http://www.reuters.com/article/2015/06/17/idUSASN0008KL20150617,Vista Equity,
343,June,2015,UP Global and the Startup Weekend franchise,undisclosed,https://www.edsurge.com/n/2015-06-16-techstars-acquires-up-global-and-the-startup-weekend-franchise,Techstars,
344,June,2015,Brooks Institute,undisclosed,http://www.snl.com,gphomestay,
345,June,2015,First Class,undisclosed,http://www.businesswire.com/,Kuepa,
346,June,2015,Market Motive,"$10,000,000",https://www.edsurge.com/n/2015-06-24-simplilearn-acquires-market-motive-to-combat-skills-gap,Simplilearn,
347,June,2015,Student Sync,undisclosed,http://www.activedirectorystudentsync.com/press-release,Level Data,
348,June,2015,Popforms,undisclosed,http://www.prnewswire.com/news-releases/safari-acquires-technology-leadership-training-company-popforms-300104278.html,Safari Media,
349,July,2015,McGraw-Hill Education's testing business,undisclosed,http://blogs.edweek.org/edweek/marketplacek12/2015/07/mcgraw-hill_education_sells_bulk_of_testing_business_to_data_recognition_corp.html,Data Recognition Corporation,
350,July,2015,Iron Yard,undisclosed,http://chronicle.com/article/article-content/231247/,Apollo Education Group,
351,July,2015,X-Ray Analytics,undisclosed,http://www.educationdive.com/news/blackboard-acquires-x-ray-analytics/401773/,Blackboard,
352,July,2015,Quipper,$39 million,https://www.edsurge.com/n/2015-07-05-japan-s-largest-staffing-company-acquires-london-edtech-startup-quipper-for-39m,"Recruit Holdings,",
353,July,2015,Inigral (Uversity),undisclosed,https://www.edsurge.com/n/2015-07-08-targetx-a-crm-for-higher-education-acquires-uversity,TargetX,
354,July,2015,Hackhands,undisclosed,https://www.edsurge.com/n/2015-07-10-pluralsight-snaps-up-live-help-at-hackhands,Pluralsight,
355,July,2015,Promethean,"$130,000,000",https://www.edsurge.com/n/2015-07-12-netdragon-to-snap-up-promethean-world-for-130-million,NetDragon,
356,July,2015,Versifit Technologies,undisclosed,http://www.techlearning.com/thewire/atomic-learning-acquires-versifit-technologies-to-bolster-professional-development-through-data/1224/view,Atomic Learning,
357,July,2015,The Financial Times,"$1,300,000,000",http://www.edukwest.com/pearson-ft-nikkei/,Nikkei,Sold by Pearson
358,July,2015,Courseload,undisclosed,http://www.prnewswire.com/news-releases/unizin-acquires-courseload-software-300115714.html,Unizin,
359,July,2015,BlikBook,undisclosed,http://www.prweb.com/releases/2015/07/prweb12854557.htm,Civitas Learning,
360,July,2015,AllClasses.com,undisclosed,http://www.bizjournals.com/boston/blog/techflash/2015/07/educational-tech-company-noodle-acquires-boston.html,Noodle,
361,August,2015,The Economist,"$730,000,000",https://qz.com/477743/the-economist-is-being-sold-to-rich-italian-investors-and-to-the-economist-itself/,The Agnelli Family,Sold by Pearson
362,August,2015,Smart Tuition,"$190,000,000",https://www.edsurge.com/n/2015-08-10-blackbaud-to-buy-smart-tuition-for-190-million,Blackbaud,
363,August,2015,Nivel Siete,undisclosed,http://www.prnewswire.com/news-releases/blackboard-acquires-nivel-siete-300128157.html,Blackboard,
364,August,2015,LendLayer,undisclosed,http://fortune.com/2015/08/05/affirm-acquires-lendlayer-to-bolster-education-loans/,Affirm,
365,August,2015,MeeGenius,undisclosed,http://www.marketwatch.com/story/houghton-mifflin-harcourt-acquires-ebook-and-technology-assets-from-meegenius-strengthens-at-home-digital-content-offering-for-early-learners-2015-08-11,Houghton Mifflin Harcourt,
366,August,2015,Learning Matters,undisclosed,http://scholasticadministrator.typepad.com/thisweekineducation/2015/08/who-approached-whom-ginny-merrow-knowing-retired-board-we-have-a-couple-of-talented-productive-people-in-house-mmpro.html,Education Week,
367,August,2015,Ellucian,undisclosed,https://www.insidehighered.com/quicktakes/2015/08/17/new-owners-ellucian,TPG Capital,
368,August,2015,Bearface Instructional Technologies,undisclosed,https://www.edsurge.com/news/2015-08-24-bearface-instructional-technologies-gobbled-by-data-analytics-startup,Perceivant,
369,September,2015,National Geographic,"$725,000,000",http://www.buzzfeed.com/tomgara/rupert-murdoch-is-buying-national-geographic#.uxOveDYLv,21st Century Fox,
370,September,2015,Kaplan Higher Education campuses,undisclosed,https://www.insidehighered.com/quicktakes/2015/09/08/purchase-kaplan-campuses-finalized,Education Corporation of America,
371,September,2015,Langrich,undisclosed,https://www.edsurge.com/news/2015-09-10-englishcentral-acquires-japanese-online-tutoring-company-langrich,EnglishCentral,
372,September,2015,Learning Objects,undisclosed,http://campustechnology.com/articles/2015/09/22/learning-objects-acquired-by-cengage.aspx,Cengage Learning,
373,September,2015,FirstLeap,undisclosed,https://www.edsurge.com/news/2015-09-22-tal-education-group-acquires-chinese-tutoring-service-firstleap-education,TAL Education,
374,September,2015,Neodemia,undisclosed,http://us3.campaign-archive2.com/?u=e8f129fd8c969e04b6b95b864&id=f098c2373e,Gutenberg Technology,
375,October,2015,Amplify,undisclosed,http://www.buzzfeed.com/mollyhensleyclancy/joel-klein-is-buying-rupert-murdochs-failed-education-biz#.wcq9OvMY9,Joel Klein and other Amplify execs,Emerson Collective was one of the backers
376,October,2015,Mobile Makers Academy,undisclosed,https://www.edsurge.com/news/2015-09-30-hack-reactor-reorganizes-acquires-mobile-makers-academy,Hack Reactor,
377,October,2015,WeeJee Learning,undisclosed,https://www.edsurge.com/news/2015-09-25-principled-technologies-acquires-weejee-learning-to-expand-enterprise-learning-services,Principled Technologies,
378,October,2015,Media Core,undisclosed,https://www.edsurge.com/news/2015-10-02-workday-announces-workday-learning-acquires-mediacore,Work Day,
379,October,2015,Ex Libris,undisclosed,http://www.proquest.com/about/news/2015/ProQuest-and-Ex-Libris-Join-to-Accelerate-Innovation-for-Libraries-Worldwide.html,ProQuest,
380,October,2015,3M's library division,undisclosed,http://www.bibliotheca.com/3/index.php/en-us/enews-media/global-press-releases/529-bibliotheca-announces-significant-expansion-us,Bibliotheca,
381,October,2015,Pathbrite,undisclosed,http://news.cengage.com/corporate/cengage-learning-acquires-pathbrites-best-in-class-eportfolio-solution/,Cengage Learning,
382,November,2015,InfoSnap,undisclosed,https://www.edsurge.com/news/2015-11-06-powerschool-snaps-up-infosnap-to-simply-student-enrollment-process,PowerSchool,
383,November,2015,Double Line Partners,undisclosed,https://www.edsurge.com/news/2015-11-03-dell-foundation-sells-double-line-partners-developer-of-ed-fi-technology,Cross Street LLC,
384,December,2015,Blue Canary,undisclosed,https://campustechnology.com/articles/2015/12/01/blackboard-acquires-predictive-analytics-company-blue-canary.aspx,Blackboard,
385,December,2015,Next University,undisclosed,https://www.edsurge.com/news/2015-12-09-open-english-acquires-next-university-to-offer-digital-technology-courses-to-esl-students,Open English,
386,December,2015,Career Partner GmbH,"$105,000,000",https://www.edsurge.com/news/2015-12-14-apollo-global-acquires-career-partner-gmbh-for-105m,Apollo Education,
387,December,2015,LexisNexis,"$2,080,000",http://www.thebookseller.com/news/bloomsbury-buys-relx-law-assets-318795,Bloomsbury Publishing,
